<?xml version="1.0"?>
<ArrayOfTester xmlns:xsi="http://www.w3.org/2001/XMLSchema-instance" xmlns:xsd="http://www.w3.org/2001/XMLSchema">
  <Tester>
    <ID>010076545</ID>
    <FirstName>חיים</FirstName>
    <LastName>יעקב</LastName>
    <BirthDate>1973-09-05T00:00:00</BirthDate>
    <Gender>זכר</Gender>
    <PhoneNumber>0510000003</PhoneNumber>
    <MailAddress>aaa@g.com</MailAddress>
    <Address>קריית מלאכי</Address>
    <ExperiencedSince>2004-01-14T23:44:29.4167232+02:00</ExperiencedSince>
    <MaxTestsInWeek>25</MaxTestsInWeek>
    <Vehicle>פרטי</Vehicle>
    <GearBoxType>ידני</GearBoxType>
    <WorkHoursToSring>0,9,0,18,0;1,9,0,18,0;2,9,0,18,0;3,9,0,18,0;4,9,0,18,0;5,9,0,13,30</WorkHoursToSring>
    <MaxDistanceInMeters>5000</MaxDistanceInMeters>
  </Tester>
  <Tester>
    <ID>335344446</ID>
    <FirstName>משה</FirstName>
    <LastName>בן דוד</LastName>
    <BirthDate>1975-09-05T00:00:00</BirthDate>
    <Gender>זכר</Gender>
    <PhoneNumber>0510000003</PhoneNumber>
    <MailAddress>aaa@g.com</MailAddress>
    <Address>שם הגדולים, תל אביב יפו, ישראל</Address>
    <ExperiencedSince>2014-01-14T23:44:29.4227678+02:00</ExperiencedSince>
    <MaxTestsInWeek>25</MaxTestsInWeek>
    <Vehicle>פרטי</Vehicle>
    <GearBoxType>אוטומטי</GearBoxType>
    <WorkHoursToSring>0,9,0,18,0;1,9,0,18,0;2,9,0,18,0;3,9,0,18,0;4,9,0,18,0;5,9,0,13,30</WorkHoursToSring>
    <MaxDistanceInMeters>5000</MaxDistanceInMeters>
  </Tester>
  <Tester>
    <ID>100456672</ID>
    <FirstName>דוד</FirstName>
    <LastName>כהן</LastName>
    <BirthDate>1975-09-05T00:00:00</BirthDate>
    <Gender>זכר</Gender>
    <PhoneNumber>0510000003</PhoneNumber>
    <MailAddress>aaa@g.com</MailAddress>
    <Address>פתח תקווה</Address>
    <ExperiencedSince>1999-01-14T23:44:29.4227678+02:00</ExperiencedSince>
    <MaxTestsInWeek>25</MaxTestsInWeek>
    <Vehicle>פרטי</Vehicle>
    <GearBoxType>ידני</GearBoxType>
    <WorkHoursToSring>0,9,0,18,0;1,9,0,18,0;2,9,0,18,0;3,9,0,18,0;4,9,0,18,0;5,9,0,13,30</WorkHoursToSring>
    <MaxDistanceInMeters>5000</MaxDistanceInMeters>
  </Tester>
  <Tester>
    <ID>100055870</ID>
    <FirstName>יעקב</FirstName>
    <LastName>חיימי</LastName>
    <BirthDate>1965-09-05T00:00:00</BirthDate>
    <Gender>זכר</Gender>
    <PhoneNumber>0510000003</PhoneNumber>
    <MailAddress>aaa@g.com</MailAddress>
    <Address>באר שבע</Address>
    <ExperiencedSince>2007-01-14T23:44:29.4227678+02:00</ExperiencedSince>
    <MaxTestsInWeek>25</MaxTestsInWeek>
    <Vehicle>פרטי</Vehicle>
    <GearBoxType>אוטומטי</GearBoxType>
    <WorkHoursToSring>0,9,0,18,0;1,9,0,18,0;2,9,0,18,0;3,9,0,18,0;4,9,0,18,0;5,9,0,13,30</WorkHoursToSring>
    <MaxDistanceInMeters>5000</MaxDistanceInMeters>
  </Tester>
  <Tester>
    <ID>100555440</ID>
    <FirstName>אברהם</FirstName>
    <LastName>הלוי</LastName>
    <BirthDate>1968-09-05T00:00:00</BirthDate>
    <Gender>זכר</Gender>
    <PhoneNumber>0510000003</PhoneNumber>
    <MailAddress>aaa@g.com</MailAddress>
    <Address>בני ברק</Address>
    <ExperiencedSince>2011-01-14T23:44:29.4227678+02:00</ExperiencedSince>
    <MaxTestsInWeek>25</MaxTestsInWeek>
    <Vehicle>פרטי</Vehicle>
    <GearBoxType>ידני</GearBoxType>
    <WorkHoursToSring>0,9,0,18,0;1,9,0,18,0;2,9,0,18,0;3,9,0,18,0;4,9,0,18,0;5,9,0,13,30</WorkHoursToSring>
    <MaxDistanceInMeters>5000</MaxDistanceInMeters>
  </Tester>
  <Tester>
    <ID>001223213</ID>
    <FirstName>מוטי</FirstName>
    <LastName>לוק</LastName>
    <BirthDate>1925-11-05T00:00:00</BirthDate>
    <Gender>זכר</Gender>
    <PhoneNumber>0510000001</PhoneNumber>
    <MailAddress>aaa@g.com</MailAddress>
    <Address>בית הדפוס 12 ירושלים</Address>
    <ExperiencedSince>2006-01-14T23:44:29.4237041+02:00</ExperiencedSince>
    <MaxTestsInWeek>25</MaxTestsInWeek>
    <Vehicle>פרטי</Vehicle>
    <GearBoxType>ידני</GearBoxType>
    <WorkHoursToSring>0,9,0,18,0;1,9,0,18,0;2,9,0,18,0;3,9,0,18,0;4,9,0,18,0;5,9,0,13,30</WorkHoursToSring>
    <MaxDistanceInMeters>30000</MaxDistanceInMeters>
  </Tester>
  <Tester>
    <ID>012230215</ID>
    <FirstName>מוטי</FirstName>
    <LastName>לומברוזו</LastName>
    <BirthDate>1965-11-05T00:00:00</BirthDate>
    <Gender>זכר</Gender>
    <PhoneNumber>0510000001</PhoneNumber>
    <MailAddress>aaa@g.com</MailAddress>
    <Address>רעננה</Address>
    <ExperiencedSince>2013-01-14T23:44:29.4237041+02:00</ExperiencedSince>
    <MaxTestsInWeek>25</MaxTestsInWeek>
    <Vehicle>פרטי</Vehicle>
    <GearBoxType>אוטומטי</GearBoxType>
    <WorkHoursToSring>0,9,0,18,0;1,9,0,18,0;2,9,0,18,0;3,9,0,18,0;4,9,0,18,0;5,9,0,13,30</WorkHoursToSring>
    <MaxDistanceInMeters>50000</MaxDistanceInMeters>
  </Tester>
  <Tester>
    <ID>011122314</ID>
    <FirstName>מוטי</FirstName>
    <LastName>לויטן</LastName>
    <BirthDate>1965-11-05T00:00:00</BirthDate>
    <Gender>זכר</Gender>
    <PhoneNumber>0510000001</PhoneNumber>
    <MailAddress>aaa@g.com</MailAddress>
    <Address>פתח תקווה</Address>
    <ExperiencedSince>2004-01-14T23:44:29.4239552+02:00</ExperiencedSince>
    <MaxTestsInWeek>25</MaxTestsInWeek>
    <Vehicle>פרטי</Vehicle>
    <GearBoxType>אוטומטי</GearBoxType>
    <WorkHoursToSring>0,9,0,18,0;1,9,0,18,0;2,9,0,18,0;3,9,0,18,0;4,9,0,18,0;5,9,0,13,30</WorkHoursToSring>
    <MaxDistanceInMeters>50000</MaxDistanceInMeters>
  </Tester>
  <Tester>
    <ID>010000008</ID>
    <FirstName>מוטי</FirstName>
    <LastName>דגן</LastName>
    <BirthDate>1965-11-05T00:00:00</BirthDate>
    <Gender>זכר</Gender>
    <PhoneNumber>0510000001</PhoneNumber>
    <MailAddress>aaa@g.com</MailAddress>
    <Address>קרני שומרון</Address>
    <ExperiencedSince>2014-01-14T23:44:29.4239552+02:00</ExperiencedSince>
    <MaxTestsInWeek>25</MaxTestsInWeek>
    <Vehicle>פרטי</Vehicle>
    <GearBoxType>אוטומטי</GearBoxType>
    <WorkHoursToSring>0,9,0,18,0;1,9,0,18,0;2,9,0,18,0;3,9,0,18,0;4,9,0,18,0;5,9,0,13,30</WorkHoursToSring>
    <MaxDistanceInMeters>30000</MaxDistanceInMeters>
  </Tester>
  <Tester>
    <ID>010042000</ID>
    <FirstName>שמוליק</FirstName>
    <LastName>קידן</LastName>
    <BirthDate>1972-05-02T00:00:00</BirthDate>
    <Gender>זכר</Gender>
    <PhoneNumber>0510000002</PhoneNumber>
    <MailAddress>aaa@g.com</MailAddress>
    <Address>מבוא הישיבה 1 בית אל</Address>
    <ExperiencedSince>2012-01-14T23:44:29.4239552+02:00</ExperiencedSince>
    <MaxTestsInWeek>25</MaxTestsInWeek>
    <Vehicle>פרטי</Vehicle>
    <GearBoxType>אוטומטי</GearBoxType>
    <WorkHoursToSring>0,9,0,18,0;1,9,0,18,0;2,9,0,18,0;3,9,0,18,0;4,9,0,18,0;5,9,0,13,30</WorkHoursToSring>
    <MaxDistanceInMeters>5000</MaxDistanceInMeters>
  </Tester>
  <Tester>
    <ID>315390740</ID>
    <FirstName>אבי</FirstName>
    <LastName>חיימי</LastName>
    <BirthDate>1952-05-01T00:00:00</BirthDate>
    <Gender>זכר</Gender>
    <PhoneNumber>0522222222</PhoneNumber>
    <MailAddress>avraham224@gmail.com</MailAddress>
    <Address>כפר סבא, ישראל</Address>
    <ExperiencedSince>2000-03-09T00:00:00</ExperiencedSince>
    <MaxTestsInWeek>35</MaxTestsInWeek>
    <Vehicle>פרטי</Vehicle>
    <GearBoxType>ידני</GearBoxType>
    <WorkHoursToSring>0,7,0,17,0;1,7,0,17,0;2,7,0,13,0;2,15,0,18,0;3,8,0,18,0;4,8,0,14,0;5,8,0,14,0</WorkHoursToSring>
    <MaxDistanceInMeters>15000</MaxDistanceInMeters>
  </Tester>
  <Tester>
    <ID>020245312</ID>
    <FirstName>מיקי</FirstName>
    <LastName>רז</LastName>
    <BirthDate>1962-04-17T00:00:00</BirthDate>
    <Gender>זכר</Gender>
    <PhoneNumber>0521325548</PhoneNumber>
    <MailAddress>miki@gmail.com</MailAddress>
    <Address>אשקלון, ישראל</Address>
    <ExperiencedSince>1992-12-08T00:00:00</ExperiencedSince>
    <MaxTestsInWeek>40</MaxTestsInWeek>
    <Vehicle>פרטי</Vehicle>
    <GearBoxType>ידני</GearBoxType>
    <WorkHoursToSring>0,7,0,15,0;1,7,0,15,0;2,7,0,15,0;3,7,0,15,0;4,7,0,15,0;5,7,0,14,0</WorkHoursToSring>
    <MaxDistanceInMeters>3600</MaxDistanceInMeters>
  </Tester>
</ArrayOfTester>